"","x"
"1","#86b6f9"
"2","#47f229"
"3","#3772fc"
"4","#3fb8ff"
"5","#e28b73"
"6","#d140d6"
"7","#2aed82"
"8","#eddaa6"
"9","#89a7d6"
"10","#aefcc1"
"11","#ea4d5f"
"12","#0acc95"
"13","#a3f7b4"
"14","#9693f2"
"15","#8394d3"
"16","#8dc94c"
"17","#f986c0"
"18","#d69a51"
"19","#8d93f4"
"20","#3b5bdb"
"21","#abf79e"
"22","#c16528"
"23","#ef8dd3"
"24","#ed6d86"
"25","#ba9312"
"26","#7396d6"
"27","#be28cc"
"28","#058cb5"
"29","#a9fcc7"
"30","#ff7aed"
"31","#0ddb06"
"32","#e68be8"
"33","#ea546f"
"34","#83c0d1"
"35","#ea33ad"
"36","#5ae26c"
"37","#f9ddb6"
"38","#38f461"
"39","#5ae28e"
"40","#e08fdd"
"41","#acf257"
"42","#bc803c"
"43","#0ba861"
"44","#9b10c9"
"45","#e68ff7"
"46","#5fe891"
"47","#c1a136"
"48","#7ed136"
"49","#8c70d3"
"50","#bfe514"
"51","#4e5bb7"
"52","#22aa76"
"53","#ed86f4"
"54","#9873c6"
"55","#66a31b"
"56","#9ea9ff"
"57","#580a93"
"58","#f76d22"
"59","#155987"
"60","#73efc1"
"61","#2735c6"
"62","#94bfe0"
"63","#9def5b"
"64","#2061f9"
"65","#ddffad"
"66","#f7b8ad"
"67","#b8ed7b"
"68","#bc4be5"
"69","#efc473"
"70","#f27713"
"71","#e4fc6f"
"72","#4b3ffc"
"73","#e580fc"
"74","#c4a703"
"75","#c45ddd"
"76","#a5f7a5"
"77","#523be5"
"78","#db30ad"
"79","#b9ffad"
"80","#b6edef"
"81","#dd426e"
"82","#89d0ed"
"83","#9809f7"
"84","#28a4a8"
"85","#5af4e2"
"86","#88eab7"
"87","#e0d653"
"88","#88fcf4"
"89","#f9e9b6"
"90","#306c93"
"91","#4dd651"
"92","#0a994d"
"93","#db7ab9"
"94","#5b06e2"
"95","#c5e251"
"96","#c8a1f4"
"97","#bf2924"
"98","#ede05a"
"99","#565ac4"
"100","#899fd3"
"101","#bdf945"
"102","#89ffac"
"103","#6914e8"
"104","#f9bafc"
"105","#6144aa"
"106","#e0b123"
"107","#daef7a"
"108","#b7bf26"
"109","#ef7ca8"
"110","#f4b1b0"
"111","#68dd5a"
"112","#7414ce"
"113","#63ffe5"
"114","#b8d8f2"
"115","#6ca0d8"
"116","#26c97d"
"117","#ff9bc6"
"118","#e2009b"
"119","#ed104b"
"120","#fce2a9"
"121","#e5df2d"
"122","#ad3630"
"123","#e5a089"
"124","#a28bd6"
"125","#60db6e"
"126","#9eef40"
"127","#db6d6b"
"128","#f9e1bd"
"129","#7be082"
"130","#1c127a"
"131","#e5c534"
"132","#018e9b"
"133","#97fcf2"
"134","#3cd88d"
"135","#2eaa0b"
"136","#f2c043"
"137","#bff7a5"
"138","#0be08b"
"139","#6af718"
"140","#e87fa0"
"141","#f495ee"
"142","#120d77"
"143","#4491a3"
"144","#1cd8b3"
"145","#30db7a"
"146","#c7f968"
"147","#62fca7"
"148","#6064e5"
"149","#9c5db7"
"150","#42b4e5"
"151","#48c5db"
"152","#3faeaf"
"153","#4a97ef"
"154","#e57e77"
"155","#e08c64"
"156","#2e1f84"
"157","#dd0da6"
"158","#e9b9f7"
"159","#dbea3a"
"160","#f4b2bc"
"161","#0049e8"
"162","#2f86ce"
"163","#f43ac3"
"164","#5134e2"
"165","#56c936"
"166","#89f9a3"
"167","#e87481"
"168","#ffd53f"
"169","#79b50a"
"170","#2ea308"
"171","#e5c98b"
"172","#51c948"
"173","#57b9c6"
"174","#9fc122"
"175","#1875b2"
"176","#938fd6"
"177","#ccb000"
"178","#dbad57"
"179","#ffbf59"
"180","#ffc8c1"
"181","#0ef7e3"
"182","#828fd6"
"183","#cdff7c"
"184","#b28e21"
"185","#b7541b"
"186","#4c65aa"
"187","#f47ca8"
"188","#d6933b"
"189","#68f74f"
"190","#f9b1f7"
"191","#44ce8b"
"192","#40bcba"
"193","#119b07"
"194","#e595f9"
"195","#bf02e0"
"196","#eac669"
"197","#f4e558"
"198","#b7a5f7"
"199","#ce9716"
"200","#f92a38"
"201","#738dd6"
"202","#c0d155"
"203","#bf22e2"
"204","#fdccff"
"205","#cef79b"
"206","#adaeea"
"207","#03724d"
"208","#edd397"
"209","#60bec9"
"210","#87cbdd"
"211","#8faae8"
"212","#779ad6"
"213","#d679e0"
"214","#85f29b"
"215","#e595a3"
"216","#77389e"
"217","#6f89f2"
"218","#d1622b"
"219","#9cdb6f"
"220","#d84784"
"221","#ede389"
"222","#e7b5f4"
"223","#211ecc"
"224","#e59677"
"225","#96f2ab"
"226","#cfea6e"
"227","#64098e"
"228","#1956e5"
"229","#898fd3"
"230","#daffaf"
"231","#ada3f7"
"232","#8ef2b6"
"233","#0e6aba"
"234","#18a52b"
"235","#200e87"
"236","#f48db1"
"237","#6ad606"
"238","#a565d3"
"239","#fc99a7"
"240","#5dd3b7"
"241","#f9daa7"
"242","#76f2b2"
"243","#bc1b05"
"244","#baf490"
"245","#f7a0f7"
"246","#ce0c8a"
"247","#f49ae2"
"248","#4c3dce"
"249","#ef99b7"
"250","#88f747"
"251","#ffde3a"
"252","#36e0e2"
"253","#95f9b5"
"254","#c8b1ed"
"255","#022cd3"
"256","#83e2a9"
"257","#fcbff3"
"258","#efb3ac"
"259","#89dbff"
"260","#ccdfff"
"261","#b9b1ef"
"262","#f7e5a3"
"263","#63ccce"
"264","#6f84ed"
"265","#4e10b2"
"266","#bc6a05"
"267","#f4d153"
"268","#97f4c7"
"269","#0c8737"
"270","#058089"
"271","#9597f9"
"272","#f9bbf8"
"273","#f7b28f"
"274","#50c1c9"
"275","#a52b15"
"276","#46d5f2"
"277","#fcf99c"
"278","#75ddc0"
"279","#90f210"
"280","#9893f9"
"281","#3e4dad"
"282","#b1d140"
"283","#abfcc7"
"284","#b064ea"
"285","#10a312"
"286","#6e67d3"
"287","#ffe0b2"
"288","#68ffd4"
"289","#3141ce"
"290","#1527ef"
"291","#2cb784"
"292","#a4fc94"
"293","#ffefc1"
"294","#e0e802"
"295","#13995f"
"296","#b5ef7f"
"297","#9ef49c"
"298","#cecb00"
"299","#ffe4cc"
"300","#bc20f9"
"301","#b3d2ef"
"302","#b3c6f9"
"303","#4bf2b2"
"304","#42e5a7"
"305","#f79f9e"
"306","#a87de0"
"307","#5d26f2"
"308","#dca4e8"
"309","#0b8229"
"310","#18dd2f"
"311","#e8a2f2"
"312","#c94879"
"313","#3b80f7"
"314","#e567b0"
"315","#5ddd13"
"316","#94efb6"
"317","#e295c4"
"318","#e7ef51"
"319","#adbf39"
"320","#8febf7"
"321","#fcdd44"
"322","#f4a35d"
"323","#cfea62"
"324","#8be268"
"325","#caf252"
"326","#a98bd6"
"327","#75f477"
"328","#f9e375"
"329","#60f226"
"330","#eda1d0"
"331","#4e33e8"
"332","#50b71d"
"333","#48a7c9"
"334","#cbfc85"
"335","#6be592"
"336","#9735cc"
"337","#386ae0"
"338","#80e0e5"
"339","#6484c9"
"340","#f888fc"
"341","#96c635"
"342","#6788c6"
"343","#e52990"
"344","#8b8bdd"
"345","#c5f271"
"346","#c4fca9"
"347","#c6f7a0"
"348","#8ceac6"
"349","#29cc20"
"350","#a90cf7"
"351","#f7fcae"
"352","#e58ea1"
"353","#5201bc"
"354","#9cff1c"
"355","#528af9"
"356","#4e9613"
"357","#f4eb97"
"358","#01a070"
"359","#d346e2"
"360","#5a9cce"
"361","#fff5aa"
"362","#f70449"
"363","#3656c9"
"364","#a6cded"
"365","#2d0b9e"
"366","#ff56c1"
"367","#5f39b2"
"368","#ce6d06"
"369","#72f9b6"
"370","#ccdaff"
"371","#e6ed31"
"372","#057f0b"
"373","#ff84ec"
"374","#f9e08e"
"375","#3dc68d"
"376","#f01df7"
"377","#8e76ed"
"378","#6ed89e"
"379","#bc4d16"
"380","#11a322"
"381","#ed7bb6"
"382","#59c42f"
"383","#ede247"
"384","#f4be9f"
"385","#02ea85"
"386","#93ef8b"
"387","#41d121"
"388","#89edaf"
"389","#e07dde"
"390","#f7b7c7"
"391","#70e5b0"
"392","#b374f2"
"393","#d4d854"
"394","#ffff26"
"395","#4da81c"
"396","#fc7bef"
"397","#0a3b96"
"398","#8cea96"
"399","#872708"
"400","#fc9fbc"
"401","#eae320"
"402","#b57cf9"
"403","#edc77d"
"404","#3bdd84"
"405","#f4e842"
"406","#7714ba"
"407","#8922d8"
"408","#e52bd2"
"409","#d8b63a"
"410","#fc8fe4"
"411","#621cb2"
"412","#c99b28"
"413","#04d6d2"
"414","#48d343"
"415","#96cfe0"
"416","#e874c1"
"417","#392f93"
"418","#93e559"
"419","#ffd3cc"
"420","#a7bef2"
"421","#7ec7d6"
"422","#e0ef7f"
"423","#7cf9dc"
"424","#efb4a7"
"425","#261ced"
"426","#f99fae"
"427","#a57ce2"
"428","#ddc121"
"429","#6ba5c4"
"430","#f455bf"
"431","#70bfcc"
"432","#ead079"
"433","#52eaf2"
"434","#80b1d6"
"435","#4ace90"
"436","#0c87c9"
"437","#1a61ef"
"438","#73f4a2"
"439","#63ddbd"
"440","#f7caa8"
"441","#04f494"
"442","#2fd656"
"443","#e7ea1e"
"444","#d1221f"
"445","#0bc688"
"446","#e5ad5e"
"447","#f4b7f7"
"448","#0b5991"
"449","#b8db74"
"450","#a1fc88"
"451","#fff199"
"452","#ed448a"
"453","#8afcc5"
"454","#20d638"
"455","#77a31f"
"456","#7063d3"
"457","#ef7262"
"458","#214ed3"
"459","#9ac122"
"460","#dd37c7"
"461","#7e7ee5"
"462","#141689"
"463","#2c29f2"
"464","#d060f2"
"465","#cc4830"
"466","#d831b1"
"467","#fcbeba"
"468","#ea8fef"
"469","#5790bf"
"470","#9cc120"
"471","#69db57"
"472","#b75b19"
"473","#96abff"
"474","#fc49c0"
"475","#4be59b"
"476","#f5f799"
"477","#bcecf4"
"478","#e57072"
"479","#fcf2b3"
"480","#584dd6"
"481","#d32171"
"482","#358206"
"483","#ddcd1a"
"484","#220c6b"
"485","#a0d648"
"486","#65f27d"
"487","#16f7d9"
"488","#fce99f"
"489","#ced635"
"490","#f28f74"
"491","#9eabef"
"492","#2cb73e"
"493","#a34723"
"494","#f9d8bb"
"495","#25bca1"
"496","#02e87c"
"497","#0f5f77"
"498","#6fb0d6"
"499","#a8e0ea"
"500","#d39000"
"501","#2dc63a"
"502","#23157f"
"503","#9e4dc6"
"504","#b5e05e"
"505","#e069ce"
"506","#ed7d5e"
"507","#b2e524"
"508","#d1f7a3"
"509","#db81d9"
"510","#d7ccff"
"511","#c2ecf9"
"512","#f7a31d"
"513","#dfe214"
"514","#4ffff6"
"515","#c1ffb2"
"516","#3d64db"
"517","#22c15d"
"518","#f0bffc"
"519","#57aa05"
"520","#ed22f4"
"521","#f7e927"
"522","#dd7b54"
"523","#ed9bf2"
"524","#4b77fc"
"525","#62a4ef"
"526","#c10d8b"
"527","#fc97b7"
"528","#568fc4"
"529","#f7b2e7"
"530","#c6094f"
"531","#79ea7d"
"532","#f7afbc"
"533","#f45fd4"
"534","#890137"
"535","#fc8ac1"
"536","#3902ff"
"537","#ffd77a"
"538","#214ded"
"539","#acef6e"
"540","#8d38c1"
"541","#020766"
"542","#af2f58"
"543","#caed8e"
"544","#ed747c"
"545","#83b8db"
"546","#db502e"
"547","#06dbc2"
"548","#edade1"
"549","#baffff"
"550","#27dd82"
"551","#bb67f7"
"552","#d30609"
"553","#7bb51e"
"554","#678ece"
"555","#2f3c8c"
"556","#fcc9c2"
"557","#bc5631"
"558","#74ea4d"
"559","#8aaf18"
"560","#63a3ed"
"561","#e5a769"
"562","#fcc5b3"
"563","#d14d47"
"564","#71b5ce"
"565","#a5340b"
"566","#5cd6ad"
"567","#3975b2"
"568","#4ff209"
"569","#8853ba"
"570","#ef8c3b"
"571","#3a9e01"
"572","#68bfd1"
"573","#a01e04"
"574","#d18e3c"
"575","#cde060"
"576","#d0e874"
"577","#122cbc"
"578","#95a31a"
"579","#e08879"
"580","#631cbf"
"581","#99ef67"
"582","#cae23f"
"583","#6acbf2"
"584","#ea8462"
"585","#f43ae8"
"586","#8ad12e"
"587","#fcee9c"
"588","#6296ef"
"589","#d3bafc"
"590","#3e820e"
"591","#78e837"
"592","#d6fcae"
"593","#d2a6f4"
"594","#a9fce4"
"595","#a231ce"
"596","#2ee5f2"
"597","#9f08c9"
"598","#f7dfaa"
"599","#b9d653"
"600","#35ea54"
"601","#ede284"
"602","#ecc4fc"
"603","#1e8c02"
"604","#f0f4a1"
"605","#ed8d49"
"606","#d6132d"
"607","#24c166"
"608","#67fcd2"
"609","#8562e5"
"610","#e09035"
"611","#eaea69"
"612","#dde03a"
"613","#f7a0ad"
"614","#6544fc"
"615","#b4f79e"
"616","#f74fb9"
"617","#ef2633"
"618","#fc0a3a"
"619","#c44d11"
"620","#fc7baf"
"621","#a53e27"
"622","#50e206"
"623","#76e244"
"624","#67f7ad"
"625","#0e2f70"
"626","#e5db69"
"627","#9cf21d"
"628","#db8c64"
"629","#9715c6"
"630","#6bf99f"
"631","#ce7aef"
"632","#7144ba"
"633","#569904"
"634","#b73dff"
"635","#4130f4"
"636","#179e58"
"637","#7affe8"
"638","#d6844a"
"639","#b3b6fc"
"640","#dbaaf7"
"641","#b975d6"
"642","#ef62d1"
"643","#3fcc6e"
"644","#93bc16"
"645","#b57015"
"646","#278484"
"647","#f2c165"
"648","#03770d"
"649","#7c42b5"
"650","#d82289"
"651","#59e569"
"652","#f9a66b"
"653","#eda682"
"654","#7af9ef"
"655","#ffeba5"
"656","#446ee2"
"657","#a1c2ea"
"658","#0c8c01"
"659","#ec42ff"
"660","#a69aea"
"661","#f29471"
"662","#19c5e8"
"663","#f2ffb2"
"664","#f4d41d"
"665","#f2853c"
"666","#f2dfa2"
"667","#dd56c7"
"668","#396ba0"
"669","#8bf4b5"
"670","#9e281e"
"671","#b89ee2"
"672","#03c437"
"673","#49e559"
"674","#f23e68"
"675","#59ef53"
"676","#db86f4"
"677","#4be590"
"678","#e5df29"
"679","#b1c643"
"680","#487dce"
"681","#54f9bd"
"682","#27b58a"
"683","#92fcb7"
"684","#d15e7a"
"685","#1b5491"
"686","#fff314"
"687","#3267ef"
"688","#c038e2"
"689","#ffbada"
"690","#f4d786"
"691","#d695f4"
"692","#e483fc"
"693","#8fb4fc"
"694","#9540ef"
"695","#42d689"
"696","#dfbef7"
"697","#9cf26a"
"698","#e2ccff"
"699","#f9e0b3"
"700","#037ea0"
"701","#d45cf2"
"702","#da63e2"
"703","#edbf6f"
"704","#97efd0"
"705","#ff32b7"
"706","#4fb4ea"
"707","#7263dd"
"708","#94f7ce"
"709","#3025c6"
"710","#a1f298"
"711","#db776f"
"712","#5a5add"
"713","#9551b5"
"714","#ff6368"
"715","#e21638"
"716","#cb13d8"
"717","#03aa57"
"718","#aa1a17"
"719","#c94477"
"720","#b7eff7"
"721","#62c7c9"
"722","#fff0bf"
"723","#f759d5"
"724","#18e029"
"725","#8ed4e2"
"726","#5dd617"
"727","#ab65f7"
"728","#8ea31b"
"729","#ddb6f9"
"730","#4698c4"
"731","#d6b92c"
"732","#73f4e3"
"733","#18c9ab"
"734","#f94a40"
"735","#ea44b3"
"736","#a498e0"
"737","#ce6d0c"
"738","#e01f59"
"739","#b7103f"
"740","#ddac71"
"741","#fc3c9f"
"742","#6df9b3"
"743","#f23a93"
"744","#da2cf4"
"745","#c242e5"
"746","#db3652"
"747","#39d692"
"748","#e39aea"
"749","#43ccf9"
"750","#d14b7e"
"751","#5bef9d"
"752","#7438ed"
"753","#aa1b4b"
"754","#aca5ef"
"755","#ff358c"
"756","#11fc92"
"757","#c2dcfc"
"758","#99e822"
"759","#bff788"
"760","#4bfcc4"
"761","#6bbc34"
"762","#42c490"
"763","#f49fad"
"764","#d1ef6e"
"765","#361396"
"766","#09c162"
"767","#ea52d1"
"768","#f0fc6c"
"769","#fc83dc"
"770","#a2e585"
"771","#b8e57e"
"772","#abf49c"
"773","#a499db"
"774","#3f9eaa"
"775","#f4e2a1"
"776","#99ffed"
"777","#23b0db"
"778","#06a839"
"779","#20d659"
"780","#dda17e"
"781","#6181e2"
"782","#20d8b0"
"783","#f7aea3"
"784","#ffeda8"
"785","#eaa8ca"
"786","#beb8f9"
"787","#5ce554"
"788","#26a310"
"789","#a81c28"
"790","#9e2245"
"791","#cfea75"
"792","#b2ffc9"
"793","#8eed5e"
"794","#edd2a3"
"795","#ccdcff"
"796","#9dc7ea"
"797","#2de2a0"
"798","#401ca5"
"799","#34c9b5"
"800","#f9f263"
"801","#ef9802"
"802","#745bc6"
"803","#7b6add"
"804","#e9a4fc"
"805","#ffa16b"
"806","#dfc7fc"
"807","#aad85f"
"808","#98f29a"
"809","#08a374"
"810","#3c07f9"
"811","#ef7951"
"812","#adcaea"
"813","#01b765"
"814","#17bf15"
"815","#e06a2f"
"816","#88ef98"
"817","#b8d858"
"818","#e53b7f"
"819","#6d04dd"
"820","#f99a8b"
"821","#c1ef1c"
"822","#dd80d6"
"823","#7ee863"
"824","#b9e540"
"825","#6f44e5"
"826","#fc74f3"
"827","#7db6e8"
"828","#edadd4"
"829","#5df7ef"
"830","#63e89f"
"831","#3ed8c9"
"832","#98e80d"
"833","#e6c1ff"
"834","#37e588"
"835","#eac862"
"836","#8ad84e"
"837","#bdd9f9"
"838","#6add7d"
"839","#2436d8"
"840","#dafc7e"
"841","#6371ce"
"842","#77ddd1"
"843","#e6c9ff"
"844","#99f747"
"845","#f92751"
"846","#0068a0"
"847","#ddd604"
"848","#c4a807"
"849","#be3afc"
"850","#d026f2"
"851","#09efeb"
"852","#68e26c"
"853","#e03add"
"854","#e2d86a"
"855","#ea88b9"
"856","#a8e84a"
"857","#ceb6f9"
"858","#eac79f"
"859","#82f2ee"
"860","#fc9fb6"
"861","#e894ad"
"862","#dd615f"
"863","#56ef5d"
"864","#f7a34f"
"865","#1aa34a"
"866","#332c89"
"867","#00ad05"
"868","#60f2e3"
"869","#4ee0ca"
"870","#f230ef"
"871","#dd7ff4"
"872","#cded76"
"873","#fc3fef"
"874","#28d6b6"
"875","#ffaa8e"
"876","#e8ba8f"
"877","#e5a0db"
"878","#e86753"
"879","#b3b3f2"
"880","#8cf26d"
"881","#9cdd5a"
"882","#ffbfd6"
"883","#c41cea"
"884","#5ddd81"
"885","#45a0a5"
"886","#d62acd"
"887","#3affc7"
"888","#6d05c1"
"889","#6add77"
"890","#e5c792"
"891","#88efcf"
"892","#d35d6a"
"893","#f48381"
"894","#0cf789"
"895","#8b4aba"
"896","#5b46a8"
"897","#e0647f"
"898","#429bd6"
"899","#7ae2a7"
"900","#6820d6"
"901","#e05e64"
"902","#fc6f5d"
"903","#d6fc85"
"904","#73ef9c"
"905","#31d85e"
"906","#ffe1c4"
"907","#d8f984"
"908","#5c7205"
"909","#0b697a"
"910","#f2b5e4"
"911","#d1ed55"
"912","#3abc0f"
"913","#9b14d1"
"914","#f7b4e3"
"915","#53edbc"
"916","#e3f9a9"
"917","#f74fca"
"918","#ffae93"
"919","#b203bf"
"920","#2ac94c"
"921","#302e9b"
"922","#a9ea85"
"923","#efa875"
"924","#fc5ab6"
"925","#d33778"
"926","#f47a9d"
"927","#c90cd3"
"928","#2daa27"
"929","#67bc0d"
"930","#edaad8"
"931","#60bae0"
"932","#f23b2e"
"933","#f2a7ca"
"934","#cee273"
"935","#f9e03e"
"936","#ffc170"
"937","#f4adae"
"938","#39f986"
"939","#a4f9ea"
"940","#fcc7ee"
"941","#f2da9b"
"942","#058e5e"
"943","#cbb7ff"
"944","#e053a5"
"945","#bcc2f4"
"946","#74d845"
"947","#efe175"
"948","#f2aaa9"
"949","#5d56dd"
"950","#b517c4"
"951","#eab1a1"
"952","#a7a6f4"
"953","#05588c"
"954","#cff78f"
"955","#f291e6"
"956","#e9baff"
"957","#2cdbe8"
"958","#e8099a"
"959","#81ef5f"
"960","#87f2c7"
"961","#b814e5"
"962","#81a2d1"
"963","#ffebaf"
"964","#99e871"
"965","#01b771"
"966","#e888c0"
"967","#edac93"
"968","#6ce26a"
"969","#e55057"
"970","#820f02"
"971","#c396e8"
"972","#5b24ad"
"973","#5fef0b"
"974","#f4a064"
"975","#c0bcf4"
"976","#fcc7d2"
"977","#4ae82e"
"978","#efadf7"
"979","#9e1a23"
"980","#e2fca1"
"981","#9ca5ed"
"982","#bc4d16"
"983","#393ca3"
"984","#e579d5"
"985","#c69e3f"
"986","#28bf5f"
"987","#e2a438"
"988","#e0187f"
"989","#0e83b2"
"990","#fcf1b3"
"991","#67ceea"
"992","#79d64a"
"993","#a483f7"
"994","#af1f2e"
"995","#8dc124"
"996","#6f870e"
"997","#58d4dd"
"998","#e07543"
"999","#17a3aa"
"1000","#98f9f6"
"1001","#c58def"
"1002","#6ac4e8"
"1003","#e609f2"
"1004","#0b6791"
"1005","#bda2e8"
"1006","#51d326"
"1007","#65f7d2"
"1008","#cafca9"
"1009","#e26f74"
"1010","#1ed891"
"1011","#5cd1a2"
"1012","#2a9313"
"1013","#f22bca"
"1014","#2cdd46"
"1015","#848e0e"
"1016","#40a0a5"
"1017","#e0d959"
"1018","#2e36aa"
"1019","#db2f00"
"1020","#18a387"
"1021","#99f972"
"1022","#dd886c"
"1023","#06b703"
"1024","#89f4cb"
"1025","#b54222"
"1026","#f4bbb2"
"1027","#db67a8"
"1028","#65d635"
"1029","#f2b696"
"1030","#efdd10"
"1031","#dd77d5"
"1032","#d8c545"
"1033","#e86f9f"
"1034","#6016af"
"1035","#e394e8"
"1036","#028c45"
"1037","#95bed8"
"1038","#f282c3"
"1039","#87d0ed"
"1040","#c4db6b"
"1041","#fcc7e3"
"1042","#f9b1f9"
"1043","#a1e9ea"
"1044","#c96250"
"1045","#4e0291"
"1046","#1b93fc"
"1047","#ed61b0"
"1048","#ffbfda"
"1049","#89db18"
"1050","#f42485"
"1051","#66e858"
"1052","#87ff97"
"1053","#66dd9d"
"1054","#f9a9bc"
"1055","#960a0c"
"1056","#4bd84e"
"1057","#4ff2cc"
"1058","#bc3c31"
"1059","#728c09"
"1060","#6e0ece"
"1061","#f9a9e9"
"1062","#f2aec3"
"1063","#51d66b"
"1064","#dd0058"
"1065","#b52945"
"1066","#3abf2d"
"1067","#e46fed"
"1068","#689ed8"
"1069","#43a30b"
"1070","#a1fcfc"
"1071","#cebbf9"
"1072","#ed2363"
"1073","#fc948a"
"1074","#f9b3f4"
"1075","#ea96a8"
"1076","#2e93a5"
"1077","#d3ffad"
"1078","#83efb2"
"1079","#3fd639"
"1080","#da78e2"
"1081","#55b6c1"
"1082","#ff7547"
"1083","#51d347"
"1084","#3b41d6"
"1085","#0ad837"
"1086","#1c9e75"
"1087","#89edd0"
"1088","#d64a1b"
"1089","#406fb7"
"1090","#8b93dd"
"1091","#2fb215"
"1092","#cc4d64"
"1093","#1ff277"
"1094","#0c0c7c"
"1095","#53b51e"
"1096","#a4fcac"
"1097","#8dd35f"
"1098","#f7b4da"
"1099","#d986f4"
"1100","#8251ba"
"1101","#1eb259"
"1102","#9cfca1"
"1103","#a81308"
"1104","#f7b6af"
"1105","#cda8ed"
"1106","#9cbbf4"
"1107","#cc2233"
"1108","#a6d0f4"
"1109","#f07bf2"
"1110","#2f5ebc"
"1111","#ca5de2"
"1112","#4ee8c9"
"1113","#4fd1a5"
"1114","#37e8b3"
"1115","#7ef918"
"1116","#468ece"
"1117","#e2ff7c"
"1118","#d8ccff"
"1119","#154bed"
"1120","#f3c9ff"
"1121","#930518"
"1122","#d30070"
"1123","#a9fccb"
"1124","#ed82d7"
"1125","#7f32fc"
"1126","#f7e0a5"
"1127","#eaca56"
"1128","#afa0ef"
"1129","#6cd657"
"1130","#7975dd"
"1131","#1df71d"
"1132","#f2548b"
"1133","#62dbcf"
"1134","#138e70"
"1135","#d8494e"
"1136","#129e6b"
"1137","#e031ed"
"1138","#738403"
"1139","#c9101f"
"1140","#f4b7bb"
"1141","#bd54ea"
"1142","#e56e29"
"1143","#53bfe0"
"1144","#454fa5"
"1145","#7fefa6"
"1146","#a1e25a"
"1147","#dd2127"
"1148","#368c05"
"1149","#ba075d"
"1150","#f4e06e"
"1151","#bfd7ff"
"1152","#b5dd6e"
"1153","#8fc13e"
"1154","#f0f29b"
"1155","#e0678d"
"1156","#bf395d"
"1157","#eaa667"
"1158","#49ffa7"
"1159","#4618ba"
"1160","#ed93ae"
"1161","#fcffb7"
"1162","#fc9cfa"
"1163","#6bbf33"
"1164","#f458a1"
"1165","#dd873b"
"1166","#0e8443"
"1167","#4e4ab2"
"1168","#fcbfe3"
"1169","#b587dd"
"1170","#a3240b"
"1171","#ff947a"
"1172","#65f75d"
"1173","#84f4a4"
"1174","#92a9db"
"1175","#ed9a8b"
"1176","#59ff6f"
"1177","#db3da6"
"1178","#e8e04c"
"1179","#badbfc"
"1180","#dd7c4b"
"1181","#945ee5"
"1182","#59d6b0"
"1183","#f9a2dc"
"1184","#37fcf5"
"1185","#1c68ed"
"1186","#90f99e"
"1187","#f9c2ec"
"1188","#e8b27d"
"1189","#a5fc49"
"1190","#a1f4d7"
"1191","#49d15f"
"1192","#d6b7f7"
"1193","#bc8e2b"
"1194","#bace25"
"1195","#61d867"
"1196","#4d9cea"
"1197","#d13e5c"
"1198","#a5d865"
"1199","#ea7927"
"1200","#808ace"
"1201","#6bffeb"
"1202","#b74c05"
"1203","#e8a0da"
"1204","#cc8118"
"1205","#db55e0"
"1206","#0802c9"
"1207","#6c57c1"
"1208","#67e057"
"1209","#6dd3e8"
"1210","#4638e0"
"1211","#b3ce29"
"1212","#f2bba7"
"1213","#15c42c"
"1214","#40e886"
"1215","#ffeacc"
"1216","#94ed8b"
"1217","#0c9e41"
"1218","#8e1311"
"1219","#cec21e"
"1220","#01c6c0"
"1221","#7080d3"
"1222","#4c820a"
"1223","#48f28f"
"1224","#f7b4f4"
"1225","#c1b205"
"1226","#46f41f"
"1227","#276193"
"1228","#a0a1ef"
"1229","#ade855"
"1230","#01165b"
"1231","#71099e"
"1232","#f4f195"
"1233","#d167f7"
"1234","#f48dbf"
"1235","#0ab593"
"1236","#fc9180"
"1237","#be6ad8"
"1238","#80dd39"
"1239","#9257d6"
"1240","#5faa14"
"1241","#b27c2c"
"1242","#006d43"
"1243","#bbedf9"
"1244","#7fc43a"
"1245","#a9dd75"
"1246","#dd639e"
"1247","#f4e18d"
"1248","#ed55ea"
"1249","#83e011"
"1250","#e802d4"
"1251","#ffa3de"
"1252","#d0d321"
"1253","#414ca3"
"1254","#61f982"
"1255","#20d8a4"
"1256","#9338e2"
"1257","#1d990f"
"1258","#9d51ef"
"1259","#53e8e3"
"1260","#e86f85"
"1261","#f7d9a5"
"1262","#ef94ce"
"1263","#73ddd8"
"1264","#fccbc7"
"1265","#fcfcb3"
"1266","#e2c483"
"1267","#7d8fd1"
"1268","#9ff9c5"
"1269","#6d2bd8"
"1270","#f4b7df"
"1271","#4f2793"
"1272","#f9b3b8"
"1273","#21dd88"
"1274","#7af26d"
"1275","#3a36b5"
"1276","#edb597"
"1277","#8535bf"
"1278","#b759f9"
"1279","#70ff80"
"1280","#aee074"
"1281","#6de07b"
"1282","#3bf9ad"
"1283","#9bf794"
"1284","#137389"
"1285","#1a0fad"
"1286","#69f4cd"
"1287","#b5dff4"
"1288","#5da6c1"
"1289","#9699ff"
"1290","#70e093"
"1291","#e0400f"
"1292","#5b9bea"
"1293","#efa7be"
"1294","#09bcb6"
"1295","#db98f9"
"1296","#f9c886"
"1297","#64adc1"
"1298","#043163"
"1299","#f1bef7"
"1300","#ed78e7"
"1301","#d61579"
"1302","#23c639"
"1303","#0d933a"
"1304","#4cefb1"
"1305","#4c80e0"
"1306","#ea8c00"
"1307","#e08487"
"1308","#86bbe0"
"1309","#5e1a9e"
"1310","#ffc9f1"
"1311","#e8ad88"
"1312","#ff6db3"
"1313","#fcca8d"
"1314","#f4a1d0"
"1315","#9e290c"
"1316","#8cdd75"
"1317","#83e2cb"
"1318","#dd52b1"
"1319","#ffb2ce"
"1320","#f92732"
"1321","#ede487"
"1322","#c17d2a"
"1323","#054c72"
"1324","#a0f7c0"
"1325","#a0b218"
"1326","#20b5a8"
"1327","#e07f43"
"1328","#ffc3b7"
"1329","#50e56b"
"1330","#9dd622"
"1331","#dd0b04"
"1332","#6d54c9"
"1333","#2dc40b"
"1334","#3710b7"
"1335","#b9eef7"
"1336","#3568f4"
"1337","#82c91e"
"1338","#905dd3"
"1339","#066dad"
"1340","#66159b"
"1341","#5eaded"
"1342","#5804e8"
"1343","#af7fd8"
"1344","#d88a02"
"1345","#b4cc4d"
"1346","#4554f7"
"1347","#52d2dd"
"1348","#486ac9"
"1349","#53ccd1"
"1350","#6aea56"
"1351","#33b73e"
"1352","#9859ff"
"1353","#2124c4"
"1354","#fcaef5"
"1355","#e28cc9"
"1356","#f6c4fc"
"1357","#a20be2"
"1358","#eaa88c"
"1359","#20ad67"
"1360","#da60f2"
"1361","#a786f9"
"1362","#f7a0c1"
"1363","#085e8c"
"1364","#a3f29d"
"1365","#edaa02"
"1366","#d2e00f"
"1367","#eaa4c1"
"1368","#edb4aa"
"1369","#e2b26a"
"1370","#ff47a6"
"1371","#4f2ac9"
"1372","#90eda0"
"1373","#2dbc69"
"1374","#8cf294"
"1375","#a76ed3"
"1376","#f2f085"
"1377","#ea1e3d"
"1378","#eada7e"
"1379","#09efc1"
"1380","#d6136e"
"1381","#85f7f3"
"1382","#8eea75"
"1383","#d651a5"
"1384","#f2d79d"
"1385","#e1f473"
"1386","#c14152"
"1387","#0d9b54"
"1388","#b5d84b"
"1389","#ed84c5"
"1390","#8cd15c"
"1391","#f0b5ff"
"1392","#db76ad"
"1393","#83ef99"
"1394","#9197ea"
"1395","#8e1130"
"1396","#d9fcae"
"1397","#f96bc3"
"1398","#57d631"
"1399","#58fc11"
"1400","#efef51"
"1401","#41d4f2"
"1402","#7de072"
"1403","#9fc4f4"
"1404","#c4871f"
"1405","#4a30b2"
"1406","#f08af2"
"1407","#f4617c"
"1408","#ffc6c7"
"1409","#d0c7fc"
"1410","#ace87a"
"1411","#a34222"
"1412","#8de898"
"1413","#b1fca9"
"1414","#a170d1"
"1415","#e88196"
"1416","#bcd323"
"1417","#e244d0"
"1418","#fff69b"
"1419","#e00d6c"
"1420","#e057ed"
"1421","#dd8e6e"
"1422","#b8d2f9"
"1423","#7fa2e2"
"1424","#6de224"
"1425","#0f036b"
"1426","#36f971"
"1427","#56f7ac"
"1428","#f9801d"
"1429","#aa2e08"
"1430","#a9fcb5"
"1431","#faa8ff"
"1432","#f9b1e2"
"1433","#44b208"
"1434","#256edb"
"1435","#45e23d"
"1436","#ac53ed"
"1437","#fff6bc"
"1438","#c251ef"
"1439","#f433d7"
"1440","#e87651"
"1441","#93ea64"
"1442","#d85041"
"1443","#b2c415"
"1444","#4ca1ce"
"1445","#7ee516"
"1446","#8f1ecc"
"1447","#b2ffa3"
"1448","#f7e896"
"1449","#f4cf97"
"1450","#288c07"
"1451","#c43cf2"
"1452","#ccdd68"
"1453","#f9c5bb"
"1454","#6af7f7"
"1455","#eda3b6"
"1456","#b4ea6e"
"1457","#bbd35d"
"1458","#1ca6bf"
"1459","#ccf1ff"
"1460","#fccdbf"
"1461","#affff3"
"1462","#8f8eed"
"1463","#ed6f97"
"1464","#27bc3d"
"1465","#dd2808"
"1466","#50d3a7"
"1467","#f99092"
"1468","#c32de5"
"1469","#9b2f07"
"1470","#b0e4f4"
"1471","#0e94a3"
"1472","#a5f7b8"
"1473","#65189b"
"1474","#fcd2c7"
"1475","#c622e2"
"1476","#adffc5"
"1477","#c69e19"
"1478","#66c0cc"
"1479","#46daf4"
"1480","#20a338"
"1481","#e8d453"
"1482","#7de0d6"
"1483","#9e7adb"
"1484","#e59ff4"
"1485","#fc3e05"
"1486","#f9e248"
"1487","#96a821"
"1488","#f4b7e9"
"1489","#1463e2"
"1490","#dd21ae"
"1491","#b1d153"
"1492","#b0b9f4"
"1493","#ed5ea1"
"1494","#28edb5"
"1495","#25db58"
"1496","#077a84"
"1497","#efec92"
"1498","#0fbfb6"
"1499","#f2bb79"
"1500","#3feacb"
"1501","#f7ee8a"
"1502","#194872"
"1503","#ffadcb"
"1504","#87f92f"
"1505","#ffe684"
"1506","#ce168e"
"1507","#2375db"
"1508","#dd82b3"
"1509","#7ab709"
"1510","#4ee875"
"1511","#d1496b"
"1512","#f20cb8"
"1513","#ff9bb2"
"1514","#e0401d"
"1515","#6b24c9"
"1516","#d33bbf"
"1517","#ed97e6"
"1518","#85ed23"
"1519","#63e2ad"
"1520","#97a5e5"
"1521","#0e25ba"
"1522","#fa7bfc"
"1523","#8fefaf"
"1524","#e89d7f"
"1525","#e55493"
"1526","#3fbc09"
"1527","#6be075"
"1528","#f75976"
"1529","#7bf435"
"1530","#71b52d"
"1531","#9b2049"
"1532","#fff9ba"
"1533","#c582dd"
"1534","#fca1ee"
"1535","#5adb1a"
"1536","#410aa8"
"1537","#ab63e2"
"1538","#d624cd"
"1539","#96a7e8"
"1540","#eb89ed"
"1541","#f955fc"
"1542","#aefcbb"
"1543","#1fa384"
"1544","#87c415"
"1545","#60ff88"
"1546","#32649e"
"1547","#1830b2"
"1548","#f7b2cd"
"1549","#9b0c40"
"1550","#f221c5"
"1551","#6ee234"
"1552","#97fca3"
"1553","#f9c598"
"1554","#d7fc50"
"1555","#d1296f"
"1556","#108909"
"1557","#db83b3"
"1558","#6a38f4"
"1559","#46db98"
"1560","#db81c7"
"1561","#74b0d3"
"1562","#f76fce"
"1563","#90ce44"
"1564","#f9e29d"
"1565","#f7bcbb"
"1566","#d37447"
"1567","#e6fc7b"
"1568","#53e876"
"1569","#7db5ed"
"1570","#bc513e"
"1571","#dcffb2"
"1572","#5151c6"
"1573","#e4f495"
"1574","#a4cff4"
"1575","#170568"
"1576","#e58682"
"1577","#1797a5"
"1578","#9df9ea"
"1579","#98cbe2"
"1580","#4cd3ba"
"1581","#b2e25f"
"1582","#e1e572"
"1583","#90edad"
"1584","#f7db6c"
"1585","#14b7a7"
"1586","#fc888a"
"1587","#62ea59"
"1588","#f4588c"
"1589","#29b537"
"1590","#445dbf"
"1591","#f9d6bb"
"1592","#e549c3"
"1593","#e281b5"
"1594","#7549bc"
"1595","#f298da"
"1596","#7294d8"
"1597","#e0875e"
"1598","#33c69d"
"1599","#ecaef9"
"1600","#f3b2f7"
"1601","#fff0a0"
"1602","#7e45e0"
"1603","#2aba4e"
"1604","#c42564"
"1605","#7fcdf4"
"1606","#72e5a4"
"1607","#6b9ed6"
"1608","#2ec135"
"1609","#55d1c2"
"1610","#3be2d2"
"1611","#b4b6f7"
"1612","#9e3ded"
"1613","#0cb23e"
"1614","#a82c1e"
"1615","#63f284"
"1616","#fff263"
"1617","#e5ffaf"
"1618","#9d5cce"
"1619","#efbd17"
"1620","#c40139"
"1621","#cfc4fc"
"1622","#f9a2a8"
"1623","#f4c990"
"1624","#f8ff77"
"1625","#7ef977"
"1626","#ead198"
"1627","#dd9521"
"1628","#260bed"
"1629","#38227f"
"1630","#8afc9f"
"1631","#95d868"
"1632","#b6c5f9"
"1633","#19aa34"
"1634","#4ace6d"
"1635","#eac28f"
"1636","#b5f9a2"
"1637","#c4ef7f"
"1638","#dbc015"
"1639","#84edb8"
"1640","#76fafc"
"1641","#c9d9ff"
"1642","#0031a5"
"1643","#ba6a0e"
"1644","#a60cc9"
"1645","#79c4d8"
"1646","#a1f4c9"
"1647","#10ea14"
"1648","#a4ce4a"
"1649","#80acfc"
"1650","#1886db"
"1651","#ea596e"
"1652","#e06bb5"
"1653","#6ff7bc"
"1654","#080187"
"1655","#80fc93"
"1656","#a03203"
"1657","#8228ef"
"1658","#65b9ce"
"1659","#f2e641"
"1660","#f96234"
"1661","#cac7fc"
"1662","#d6485e"
"1663","#8290e0"
"1664","#4305a8"
"1665","#6ef4f0"
"1666","#f77465"
"1667","#43c4e8"
"1668","#99d3db"
"1669","#7e83dd"
"1670","#6f5ae2"
"1671","#66ff8e"
"1672","#fcc7e6"
"1673","#84b218"
"1674","#f285ca"
"1675","#dd0d5d"
"1676","#f7e3af"
"1677","#c6ef73"
"1678","#efd588"
"1679","#caea69"
"1680","#8e0130"
"1681","#d39510"
"1682","#ba55d6"
"1683","#e3fc25"
"1684","#2f039e"
"1685","#fccbc2"
"1686","#5cd6b3"
"1687","#a292db"
"1688","#f9d0b1"
"1689","#1f9612"
"1690","#55e88b"
"1691","#3af293"
"1692","#58d60e"
"1693","#0171b2"
"1694","#f2b5ec"
"1695","#f9bb68"
"1696","#d8639a"
"1697","#93ed9c"
"1698","#b25a17"
"1699","#ffd0ad"
"1700","#a24de2"
"1701","#dbffb2"
"1702","#64dce0"
"1703","#b72149"
"1704","#e8a199"
"1705","#68039b"
"1706","#38c3ff"
"1707","#8cd153"
"1708","#ffccf7"
"1709","#9b17d8"
"1710","#f4b7f4"
"1711","#f74fc7"
"1712","#96c4e0"
"1713","#8583d1"
"1714","#a7dce8"
"1715","#d898f2"
"1716","#261184"
"1717","#6034a8"
"1718","#9abfed"
"1719","#80c6d6"
"1720","#7edd73"
"1721","#2c1577"
"1722","#f72b27"
"1723","#68dd9b"
"1724","#1857bc"
"1725","#eab5f4"
"1726","#f4abb5"
"1727","#d34c5b"
"1728","#26d67b"
"1729","#c062ef"
"1730","#adfaff"
"1731","#cba1ea"
"1732","#ffc4d9"
"1733","#ea724d"
"1734","#733cad"
"1735","#00b59f"
"1736","#1755b7"
"1737","#dd9d08"
"1738","#15edc9"
"1739","#5a15af"
"1740","#05bf0f"
"1741","#54d372"
"1742","#c7f6fc"
"1743","#f7bbcd"
"1744","#cea1e2"
"1745","#ef6bd9"
"1746","#85d831"
"1747","#f25486"
"1748","#e585d5"
"1749","#99efac"
"1750","#bbeff7"
"1751","#1d2e84"
"1752","#ceef86"
"1753","#66f939"
"1754","#ffccf0"
"1755","#a9ef67"
"1756","#eab596"
"1757","#1bc43d"
"1758","#e5c550"
"1759","#a1bbed"
"1760","#a063dd"
"1761","#9c65bc"
"1762","#9e9eef"
"1763","#c6c9ff"
"1764","#d12d10"
"1765","#db8008"
"1766","#63e2c9"
"1767","#90c90c"
"1768","#7affad"
"1769","#0ea00e"
"1770","#e560b6"
"1771","#bc74fc"
"1772","#19c6a1"
"1773","#f94fd7"
"1774","#50a3bf"
"1775","#baa4e8"
"1776","#0ab2a7"
"1777","#2b338c"
"1778","#220975"
"1779","#d856ad"
"1780","#dbd457"
"1781","#cc2c42"
"1782","#a0183e"
"1783","#76bf3b"
"1784","#4f73f7"
"1785","#d3f9a9"
"1786","#a9f9ac"
"1787","#85ef83"
"1788","#b94adb"
"1789","#f473a9"
"1790","#d5c4ff"
"1791","#cff9a4"
"1792","#009e2a"
"1793","#f7d2b7"
"1794","#50e0d9"
"1795","#5557d1"
"1796","#1c1c7a"
"1797","#6765c6"
"1798","#76b2f7"
"1799","#020787"
"1800","#f2c2ab"
"1801","#ebf74a"
"1802","#eaf99f"
"1803","#2351bc"
"1804","#e2524d"
"1805","#64c8ef"
"1806","#9ee21f"
"1807","#69a4d3"
"1808","#6c86f7"
"1809","#37dd27"
"1810","#62fc67"
"1811","#c792dd"
"1812","#baea7e"
"1813","#ed9cd8"
"1814","#ef2386"
"1815","#efd18f"
"1816","#dd91e2"
"1817","#949def"
"1818","#8ca0db"
"1819","#fc9cbc"
"1820","#3bcc1e"
"1821","#73efe1"
"1822","#f7bee7"
"1823","#d1ccff"
"1824","#e3e570"
"1825","#bdc7fc"
"1826","#7158c9"
"1827","#aefcf5"
"1828","#ce1eed"
"1829","#a7c419"
"1830","#b5f9a9"
"1831","#c7d2fc"
"1832","#8778db"
"1833","#c7fc37"
"1834","#dd8e2e"
"1835","#a0bbe5"
"1836","#00e24f"
"1837","#fc557f"
"1838","#8ceab3"
"1839","#073def"
"1840","#96afdd"
"1841","#61f9a0"
"1842","#4b47b7"
"1843","#c16c26"
"1844","#ff9ece"
"1845","#ef9ecc"
"1846","#f2cd9b"
"1847","#6b8ee0"
"1848","#ffdeb5"
"1849","#88efe8"
"1850","#4bccbd"
"1851","#73b8c6"
"1852","#dd77bb"
"1853","#ffc9bf"
"1854","#c9f9a9"
"1855","#29b54e"
"1856","#188e13"
"1857","#f765b8"
"1858","#40c436"
"1859","#eac9ff"
"1860","#ff32cc"
"1861","#fc35e5"
"1862","#d1b9f7"
"1863","#8ffce3"
"1864","#c5e7f9"
"1865","#ffedad"
"1866","#f2be57"
"1867","#0acc27"
"1868","#a3f79b"
"1869","#ed8499"
"1870","#8106ce"
"1871","#b220c9"
"1872","#cfe886"
"1873","#b0ffa0"
"1874","#e9b0f4"
"1875","#f2ab04"
"1876","#f79beb"
"1877","#103089"
"1878","#f7620c"
"1879","#f9b6ee"
"1880","#54d394"
"1881","#7bf28b"
"1882","#03696b"
"1883","#17932c"
"1884","#f9ee4f"
"1885","#6e3ead"
"1886","#f464a5"
"1887","#d7ccff"
"1888","#3be035"
"1889","#ed9cbb"
"1890","#ff93be"
"1891","#1d0ac9"
"1892","#70aac9"
"1893","#f9b28e"
"1894","#6dc3db"
"1895","#ffddcc"
"1896","#c4ebfc"
"1897","#2bcea0"
"1898","#afc91c"
"1899","#bc0b2b"
"1900","#56e2a5"
"1901","#f492ef"
"1902","#6dffd3"
"1903","#f783ed"
"1904","#ff38c9"
"1905","#fce6ab"
"1906","#62e086"
"1907","#f91377"
"1908","#c3d620"
"1909","#94fcf7"
"1910","#edb2a8"
"1911","#ed9ec0"
"1912","#8fccd8"
"1913","#8913c4"
"1914","#6f71d6"
"1915","#e209d0"
"1916","#b3c7f2"
"1917","#931130"
"1918","#9ef7e7"
"1919","#4faf26"
"1920","#c2defc"
"1921","#aef970"
"1922","#7992e5"
"1923","#031784"
"1924","#3e178c"
"1925","#35bf33"
"1926","#1f8289"
"1927","#4ed35b"
"1928","#e0bd79"
"1929","#11c4e0"
"1930","#75bed8"
"1931","#8fef5f"
"1932","#6b63d8"
"1933","#e0c0f7"
"1934","#c3dd2e"
"1935","#eda6c3"
"1936","#f7d0b4"
"1937","#a6f94d"
"1938","#762ea0"
"1939","#3b0f8c"
"1940","#dbba59"
"1941","#4ece5b"
"1942","#624db7"
"1943","#d8d650"
"1944","#dd2ded"
"1945","#a9f291"
"1946","#b27e2a"
"1947","#b9f9a9"
"1948","#adffb2"
"1949","#c48909"
"1950","#1d74d1"
"1951","#3ed6d1"
"1952","#c2cef9"
"1953","#746ddb"
"1954","#9e80f7"
"1955","#c4f7fc"
"1956","#d6577d"
"1957","#c6e881"
"1958","#719b15"
"1959","#5ced8f"
"1960","#e25dde"
"1961","#172a75"
"1962","#ed0e76"
"1963","#ca1cff"
"1964","#e82271"
"1965","#a83a1c"
"1966","#f6b3f9"
"1967","#f473e3"
"1968","#ff8cb0"
"1969","#30c1dd"
"1970","#f74098"
"1971","#31bf3b"
"1972","#0c8735"
"1973","#14bed1"
"1974","#9ff9e4"
"1975","#ea81b9"
"1976","#a002cc"
"1977","#d2ed89"
"1978","#e53ee8"
"1979","#d5e579"
"1980","#ed1725"
"1981","#e85f83"
"1982","#bf4c3b"
"1983","#f2a2c8"
"1984","#ef9e9f"
"1985","#0cf43e"
"1986","#dfea7e"
"1987","#47ce08"
"1988","#a061ed"
"1989","#129e86"
"1990","#e85ef2"
"1991","#d36df2"
"1992","#2263cc"
"1993","#245f9e"
"1994","#8b97d3"
"1995","#71e2d5"
"1996","#c6497b"
"1997","#cec0f9"
"1998","#85cfdb"
"1999","#e0b37d"
"2000","#2ed1a0"
